<?xml version="1.0" encoding="UTF-8"?>
<form>
	<fieldset name="COM_JOOMLEAGUE_EXT_EXTENDED_PREFERENCES">
		<field name="COM_JOOMLEAGUE_EXT_CLUB_YOUTHMANAGER" type="text"
			label="COM_JOOMLEAGUE_EXT_CLUB_YOUTHMANAGER" description="Youth Manager">
		</field>
		<field name="COM_JOOMLEAGUE_EXT_CLUB_YOUTHTREASURER" type="text"
			label="COM_JOOMLEAGUE_EXT_CLUB_YOUTHTREASURER" description="Youth treasurer">
		</field>
		<field name="COM_JOOMLEAGUE_EXT_CLUB_CLUBTREASURER" type="text"
			label="COM_JOOMLEAGUE_EXT_CLUB_CLUBTREASURER" description="Club treasurer">
		</field>
		<field name="COM_JOOMLEAGUE_EXT_CLUB_SECONDWWW" type="url"
			label="COM_JOOMLEAGUE_EXT_CLUB_SECONDWWW" description="Second website"
			backendonly=""
			validate="url"
			scheme="http,https"
			>
		</field>
	</fieldset>
</form>
