<?xml version="1.0" encoding="UTF-8"?>
<form>
	<fieldset name="COM_JOOMLEAGUE_EXT_EXTENDED_PREFERENCES">
		<field name="COM_JOOMLEAGUE_EXT_MATCH_TVBROADCAST" type="textarea"
			rows="4" cols="50" label="COM_JOOMLEAGUE_EXT_MATCH_TVBROADCAST"
			description="COM_JOOMLEAGUE_EXT_MATCH_TVBROADCAST_DESC">
		</field>
        <field name="COM_JOOMLEAGUE_EXT_MATCH_WEATHER" type="list" label="COM_JOOMLEAGUE_EXT_MATCH_WEATHER"
            description="COM_JOOMLEAGUE_EXT_MATCH_WEATHER_DESC">
			<option value=""></option>
            <option value="dry">COM_JOOMLEAGUE_EXT_MATCH_WEATHER_DRY</option>
            <option value="rainy">COM_JOOMLEAGUE_EXT_MATCH_WEATHER_RAINY</option>
            <option value="drizzle">COM_JOOMLEAGUE_EXT_MATCH_WEATHER_DRIZZLE</option>
            <option value="shower">COM_JOOMLEAGUE_EXT_MATCH_WEATHER_SHOWER</option>
            <option value="sunny">COM_JOOMLEAGUE_EXT_MATCH_WEATHER_SUNNY</option>
            <option value="windy">COM_JOOMLEAGUE_EXT_MATCH_WEATHER_WINDY</option>
            <option value="snowing">COM_JOOMLEAGUE_EXT_MATCH_WEATHER_SNOWING</option>
            <option value="foggy">COM_JOOMLEAGUE_EXT_MATCH_WEATHER_FOGGY</option>
            <option value="cloudy">COM_JOOMLEAGUE_EXT_MATCH_WEATHER_CLOUDY</option>
		</field>
		<field name="COM_JOOMLEAGUE_EXT_MATCH_TEMPERATURE" type="text"
			label="COM_JOOMLEAGUE_EXT_MATCH_TEMPERATURE" description="COM_JOOMLEAGUE_EXT_MATCH_TEMPERATURE_DESC">
		</field>
		<field name="COM_JOOMLEAGUE_EXT_MATCH_FIELDCONDITION" type="list"
			label="COM_JOOMLEAGUE_EXT_MATCH_FIELDCONDITION" description="COM_JOOMLEAGUE_EXT_MATCH_FIELDCONDITION_DESC">
			<option value=""></option>
            <option value="normal">COM_JOOMLEAGUE_EXT_MATCH_FIELDCONDITION_NORMAL</option>
            <option value="fielddry">COM_JOOMLEAGUE_EXT_MATCH_FIELDCONDITION_DRY</option>
            <option value="dull">COM_JOOMLEAGUE_EXT_MATCH_FIELDCONDITION_DULL</option>
            <option value="wettish">COM_JOOMLEAGUE_EXT_MATCH_FIELDCONDITION_WETTISH</option>
            <option value="wet">COM_JOOMLEAGUE_EXT_MATCH_FIELDCONDITION_WET</option>
            <option value="snow">COM_JOOMLEAGUE_EXT_MATCH_FIELDCONDITION_SNOW</option>
            <option value="frozen">COM_JOOMLEAGUE_EXT_MATCH_FIELDCONDITION_FROZEN</option>
		</field>
	</fieldset>
</form>
