<?xml version="1.0" encoding="UTF-8"?>
<form>
	<fieldset name="COM_JOOMLEAGUE_EXT_EXTENDED_PREFERENCES">
		<field name="COM_JOOMLEAGUE_EXT_PROJECTTEAM_LESSONS" type="list"
			label="COM_JOOMLEAGUE_EXT_PROJECTTEAM_LESSONS" description="Theoretical lessons day">
			<option value="monday">Monday</option>
			<option value="tuesday">Tuesday</option>
			<option value="wednesday">Wednesday</option>
			<option value="thursday">Thursday</option>
			<option value="friday">Friday</option>
			<option value="saturday">Saturday</option>
			<option value="sunday">Sunday</option>
		</field>
		<field name="COM_JOOMLEAGUE_EXT_PROJECTTEAM_TEACHING_STARTTIME"
			type="calendar" label="COM_JOOMLEAGUE_EXT_PROJECTTEAM_TEACHING_STARTTIME"
			description="Teaching start time">
		</field>
		<field name="COM_JOOMLEAGUE_EXT_PROJECTTEAM_TEACHING_ENDTIME"
			type="calendar" label="COM_JOOMLEAGUE_EXT_PROJECTTEAM_TEACHING_ENDTIME"
			description="Teaching end time">
		</field>
		<field name="COM_JOOMLEAGUE_EXT_PROJECTTEAM_TEACHING_PLACE"
			type="text" label="COM_JOOMLEAGUE_EXT_PROJECTTEAM_TEACHING_PLACE"
			description="Teaching place">
		</field>
		<field name="COM_JOOMLEAGUE_EXT_PROJECTTEAM_INFOTEXT" type="textarea"
			rows="4" cols="50" label="COM_JOOMLEAGUE_EXT_PROJECTTEAM_INFOTEXT"
			description="Infotext">
		</field>
	</fieldset>
</form>
