<?xml version="1.0" encoding="UTF-8"?>
<form>
	<fieldset name="COM_JOOMLEAGUE_EXT_EXTENDED_PREFERENCES">
		<field name="COM_JOOMLEAGUE_EXT_TEAMPLAYER_OCCUPATION" type="text"
			label="COM_JOOMLEAGUE_EXT_TEAMPLAYER_OCCUPATION" description="Occupation">
		</field>
		<field name="COM_JOOMLEAGUE_EXT_TEAMPLAYER_HEIGTH" type="text"
			label="COM_JOOMLEAGUE_EXT_TEAMPLAYER_HEIGTH" description="Heigth">
		</field>
		<field name="COM_JOOMLEAGUE_EXT_TEAMPLAYER_WEIGHT" type="text"
			label="COM_JOOMLEAGUE_EXT_TEAMPLAYER_WEIGHT" description="Weight">
		</field>
		<field name="COM_JOOMLEAGUE_EXT_TEAMPLAYER_DATE_SINCE" type="calendar"
			label="COM_JOOMLEAGUE_EXT_TEAMPLAYER_DATE_SINCE" description="Player since">
		</field>
		<field name="COM_JOOMLEAGUE_EXT_TEAMPLAYER_DATE_UNTIL" type="calendar"
			label="COM_JOOMLEAGUE_EXT_TEAMPLAYER_DATE_UNTIL" description="Player until">
		</field>
	</fieldset>
</form>
