<?xml version="1.0" encoding="utf-8"?>
<extension type="module" version="3.0" client="administrator" method="upgrade">
	<name>JoomLeague Module Adminpanel Icon</name>
	<creationDate>2015</creationDate>
	<author>JoomLeague Developers</author>
	<authorEmail>andone@mfga.at</authorEmail>
	<authorUrl>http://www.joomleague.at</authorUrl>
	<license>http://www.gnu.org/licenses/gpl-2.0.html GNU/GPL</license>
	<copyright>(C) 2005-2016 joomleague.at. All rights reserved.</copyright>
	<version>3.0.22.57ae969</version>
	<description>MOD_JOOMLEAGUE_ADMINPANEL_ICON_DESC</description>
	
	<files>
		<filename  module="mod_joomleague_adminpanel_icon">mod_joomleague_adminpanel_icon.php</filename>
	</files>
	
	<languages>
		<language tag="en-GB">language/en-GB/en-GB.mod_joomleague_adminpanel_icon.ini</language>
		<language tag="en-GB">language/en-GB/en-GB.mod_joomleague_adminpanel_icon.sys.ini</language>
	</languages>
	
</extension>
