<?xml version="1.0"?>
<form>

	<fieldset	group= "COM_JOOMLEAGUE_FES_PARAMS_GROUP_OPTIONS"
	name= "COM_JOOMLEAGUE_FES_PARAMS_GROUP_OPTIONS"
  addpath="/administrator/components/com_joomleague/elements"
			description="COM_JOOMLEAGUE_FES_PARAMS_DESCR_OPTION">

    <field	name="show_debug_modus" type="radio" default="0"
				label="COM_JOOMLEAGUE_FES_PREDICTIONRANKING_PARAM_LABEL_SHOW_DEBUG_RANKINGNAV"
				description="COM_JOOMLEAGUE_FES_PREDICTIONRANKING_PARAM_DESCR_SHOW_DEBUG_RANKINGNAV">
			<option value="0">JNO</option>
			<option value="1">JYES</option>
		</field>		
    
    <field	name="show_rankingnav" type="radio" default="1"
				label="COM_JOOMLEAGUE_FES_PREDICTIONRANKING_PARAM_LABEL_SHOW_RANKINGNAV"
				description="COM_JOOMLEAGUE_FES_PREDICTIONRANKING_PARAM_DESCR_SHOW_RANKINGNAV">
			<option value="0">JNO</option>
			<option value="1">JYES</option>
		</field>

<!--
		<param	name="show_matchday_pagenav" type="list" default="1"
				label="COM_JOOMLEAGUE_Show page navigation?"
				description="COM_JOOMLEAGUE_With this option you can show a navigation (1 2 3 Next Matchday) at the bottom of the Prediction Ranking Page.">
			<option value="0">No display</option>
			<option value="1">Bottom of result</option>
		</param>
-->

		<field	name="show_all_user" type="radio" default="0"
				label="COM_JOOMLEAGUE_FES_PREDICTIONRANKING_PARAM_LABEL_SHOW_ALL_USERS"
				description="COM_JOOMLEAGUE_FES_PREDICTIONRANKING_PARAM_DESCR_SHOW_ALL_USERS">
			<option value="0">JNO</option>
			<option value="1">JYES</option>
		</field>
		
		<field	name="show_all_user_google_map" type="radio" default="0"
				label="COM_JOOMLEAGUE_FES_PREDICTIONRANKING_PARAM_LABEL_SHOW_ALL_USERS_GOOGLE_MAP"
				description="COM_JOOMLEAGUE_FES_PREDICTIONRANKING_PARAM_DESCR_SHOW_ALL_USERS_GOOGLE_MAP">
			<option value="0">JNO</option>
			<option value="1">JYES</option>
		</field>

<!--
		<field	name="limit" type="text" size="3" maxlength="2" default="10"
				label="COM_JOOMLEAGUE_FES_PREDICTIONRANKING_PARAM_LABEL_USER_LIMIT"
				description="COM_JOOMLEAGUE_FES_PREDICTIONRANKING_PARAM_DESCR_USER_LIMIT" />
-->

		<field	name="link_name_to" type="radio" default="0"
				label="COM_JOOMLEAGUE_FES_PREDICTIONRANKING_PARAM_LABEL_LINK_USER_TO"
				description="COM_JOOMLEAGUE_FES_PREDICTIONRANKING_PARAM_DESCR_LINK_USER_TO">
			<option value="0">JNO</option>
			<option value="1">JYES</option>
		</field>

    
		
    <field	name="show_pred_group" type="radio" default="0"
				label="COM_JOOMLEAGUE_FES_PREDICTIONRANKING_PARAM_LABEL_SHOW_PRED_GROUP"
				description="COM_JOOMLEAGUE_FES_PREDICTIONRANKING_PARAM_DESCR_SHOW_PRED_GROUP">
			<option value="0">JNO</option>
			<option value="1">JYES</option>
		</field>
		
		<field	name="show_user_icon" type="radio" default="0"
				label="COM_JOOMLEAGUE_FES_PREDICTIONRANKING_PARAM_LABEL_SHOW_USER_ICON"
				description="COM_JOOMLEAGUE_FES_PREDICTIONRANKING_PARAM_DESCR_SHOW_USER_ICON">
			<option value="0">JNO</option>
			<option value="1">JYES</option>
		</field>

		<field	name="show_tip_details" type="radio" default="1"
				label="COM_JOOMLEAGUE_FES_PREDICTIONRANKING_PARAM_LABEL_SHOW_TIP_DETAILS"
				description="COM_JOOMLEAGUE_FES_PREDICTIONRANKING_PARAM_DESCR_SHOW_TIP_DETAILS">
			<option value="0">JNO</option>
			<option value="1">JYES</option>
		</field>

    <field	name="show_champion_tip" type="radio" default="0"
				label="COM_JOOMLEAGUE_FES_PREDICTIONRANKING_PARAM_LABEL_SHOW_CHAMPION_TIP"
				description="COM_JOOMLEAGUE_FES_PREDICTIONRANKING_PARAM_DESCR_SHOW_CHAMPION_TIP">
			<option value="0">JNO</option>
			<option value="1">JYES</option>
		</field>
		
		<field	name="show_champion_tip_club_logo" type="radio" default="0"
				label="COM_JOOMLEAGUE_FES_PREDICTIONRANKING_PARAM_LABEL_SHOW_CHAMPION_TIP_CLUB_LOGO"
				description="COM_JOOMLEAGUE_FES_PREDICTIONRANKING_PARAM_DESCR_SHOW_CHAMPION_TIP_CLUB_LOGO">
			<option value="0">JNO</option>
			<option value="1">JYES</option>
		</field>
		
		<field	name="show_average_points" type="radio" default="1"
				label="COM_JOOMLEAGUE_FES_PREDICTIONRANKING_PARAM_LABEL_SHOW_AVERAGE_POINTS"
				description="COM_JOOMLEAGUE_FES_PREDICTIONRANKING_PARAM_DESCR_SHOW_AVERAGE_POINTS">
			<option value="0">JNO</option>
			<option value="1">JYES</option>
		</field>

		<field	name="show_count_tips" type="radio" default="1"
				label="COM_JOOMLEAGUE_FES_PREDICTIONRANKING_PARAM_LABEL_SHOW_COUNT_TIPS"
				description="COM_JOOMLEAGUE_FES_PREDICTIONRANKING_PARAM_DESCR_SHOW_COUNT_TIPS">
			<option value="0">JNO</option>
			<option value="1">JYES</option>
		</field>

		<field	name="show_count_joker" type="radio" default="1"
				label="COM_JOOMLEAGUE_FES_PREDICTIONRANKING_PARAM_LABEL_SHOW_COUNT_JOKER"
				description="COM_JOOMLEAGUE_FES_PREDICTIONRANKING_PARAM_DESCR_SHOW_COUNT_JOKER">
			<option value="0">JNO</option>
			<option value="1">JYES</option>
		</field>

		<field	name="show_count_topptips" type="radio" default="1"
				label="COM_JOOMLEAGUE_FES_PREDICTIONRANKING_PARAM_LABEL_SHOW_COUNT_TOPTIPS"
				description="COM_JOOMLEAGUE_FES_PREDICTIONRANKING_PARAM_DESCR_SHOW_COUNT_TOPTIPS">
			<option value="0">JNO</option>
			<option value="1">JYES</option>
		</field>

		<field	name="show_count_difftips" type="radio" default="0"
				label="COM_JOOMLEAGUE_FES_PREDICTIONRANKING_PARAM_LABEL_SHOW_COUNT_DIFFTIPS"
				description="COM_JOOMLEAGUE_FES_PREDICTIONRANKING_PARAM_DESCR_SHOW_COUNT_DIFFTIPS">
			<option value="0">JNO</option>
			<option value="1">JYES</option>
		</field>

		<field	name="show_count_tendtipps" type="radio" default="0"
				label="COM_JOOMLEAGUE_FES_PREDICTIONRANKING_PARAM_LABEL_SHOW_COUNT_TENDTIPS"
				description="COM_JOOMLEAGUE_FES_PREDICTIONRANKING_PARAM_DESCR_SHOW_COUNT_TENDTIPS">
			<option value="0">JNO</option>
			<option value="1">JYES</option>
		</field>

		<field	name="show_link_to_overall_ranking" type="radio" default="1"
				label="COM_JOOMLEAGUE_FES_PREDICTIONRANKING_PARAM_LABEL_SHOW_LINK_OVERALL_RANKING"
				description="COM_JOOMLEAGUE_FES_PREDICTIONRANKING_PARAM_DESCR_SHOW_LINK_OVERALL_RANKING">
			<option value="0">JNO</option>
			<option value="1">JYES</option>
		</field>

		<field	name="show_help" type="radio" default="0"
				label="COM_JOOMLEAGUE_FES_PREDICTIONRANKING_PARAM_LABEL_SHOW_HELP"
				description="COM_JOOMLEAGUE_FES_PREDICTIONRANKING_PARAM_DESCR_SHOW_HELP">
			<option value="0">JNO</option>
			<option value="1">JYES</option>
		</field>

    <field	name="background_color_ranking" type="colorpicker" size="8" maxlength="8" default="#6F7860"
				label="COM_JOOMLEAGUE_FES_PREDICTIONRANKING_PARAM_LABEL_BACKGROUND_COLOR"
				description="COM_JOOMLEAGUE_FES_PREDICTIONRANKING_PARAM_DESCR_BACKGROUND_COLOR_GUEST_WIN" >
		</field>
    
	</fieldset>

</form>
